------<?xml version="1.0" encoding="UTF-8"?><!-- edited with XML Spy v3.5 (http://www.xmlspy.com) by Thor Anderson on July 9, 2001 --><!-- use the line below and comment out the XML Schema namespace declarations when you want to check validity against the DTD --><!--<!DOCTYPE lom SYSTEM "imsmd_rootv1p2p1.dtd"> --><lom xmlns="http://www.imsglobal.org/xsd/imsmd_rootv1p2p1"       xmlns:xsi="http://www.w3.org/2001/XMLSchema-instance"       xsi:schemaLocation="http://www.imsglobal.org/xsd/imsmd_rootv1p2p1 http://www.imsglobal.org/xsd/imsmd_rootv1p2p1.xsd">	<general>		<title>			<langstring xml:lang="en">{{ site.title }}</langstring>		</title>		<catalogentry>			<catalog>URI</catalog>			<entry>				<langstring xml:lang="en"> http://www.algonquincollege.com/distance/certfs.html</langstring>			</entry>		</catalogentry>		<catalogentry>			<catalog>POOL</catalog>			<entry>				<langstring xml:lang="en"> 000SamplePoolRefernece#</langstring>			</entry>		</catalogentry>		<description>			<langstring xml:lang="en">This course deals with personnel functions, including concepts, principles and practices; techniques of personnel administration (roles, staffing, human resources, employee development and incentives for effective performance); and management's responsibility in personnel administration.</langstring>		</description>	</general>	<lifecycle>		<version>			<langstring>MGT2310</langstring>		</version>		<contribute>			<role>				<source>					<langstring xml:lang="x-none">LOMv1.0</langstring>				</source>				<value>					<langstring xml:lang="x-none">Publisher</langstring>				</value>			</role>			<centity>				<vcard>BEGIN: vCardORG: Algonquin CollegeEND: vCard</vcard>			</centity>			<date>				<datetime>2001-02-01</datetime>			</date>		</contribute>	</lifecycle>	<metametadata>		<contribute>			<role>				<source>					<langstring xml:lang="x-none">LOMv1.0</langstring>				</source>				<value>					<langstring xml:lang="x-none">Creator</langstring>				</value>			</role>			<centity>				<vcard>BEGIN:vCardFisher;SueEND:vCard</vcard>			</centity>		</contribute>		<contribute>			<role>				<source>					<langstring xml:lang="x-none">LOMv1.0</langstring>				</source>				<value>					<langstring xml:lang="x-none">Validator</langstring>				</value>			</role>			<centity>				<vcard>BEGIN: vCardORG: POOL ProjectEND: vCard</vcard>			</centity>			<date>				<datetime>2001-02-01</datetime>			</date>		</contribute>		<metadatascheme>CanCore 1.0</metadatascheme>		<metadatascheme>IEEELOM:1.0</metadatascheme>		<language>en</language>	</metametadata>	<technical>		<format>text/htm</format>		<location type="URI">http://www.algonquincollege.com/distance/certfs.html</location>		<otherplatformrequirements>			<langstring xml:lang="en">Group Work is required for computer conferencing</langstring>		</otherplatformrequirements>	</technical>	<educational>		<intendedenduserrole>			<source>				<langstring xml:lang="x-none">LOMv1.0</langstring>			</source>			<value>				<langstring xml:lang="x-none">Learner</langstring>			</value>		</intendedenduserrole>		<context>			<source>				<langstring xml:lang="x-none">LOMv1.0</langstring>			</source>			<value>				<langstring xml:lang="x-none">University Undergraduate</langstring>			</value>		</context>		<typicalagerange>			<langstring xml:lang="en">18-99</langstring>		</typicalagerange>		<language>en</language>	</educational>	<rights>		<cost>			<source>				<langstring xml:lang="x-none">LOMv1.0</langstring>			</source>			<value>				<langstring xml:lang="x-none">yes</langstring>			</value>		</cost>		<copyrightandotherrestrictions>			<source>				<langstring xml:lang="x-none">LOMv1.0</langstring>			</source>			<value>				<langstring xml:lang="x-none">yes</langstring>			</value>		</copyrightandotherrestrictions>		<description>			<langstring xml:lang="en">Registration $332.85 Can. Contact Carole Smith, csmith@algonquinc.on.ca</langstring>		</description>	</rights>	<classification>		<purpose>			<source>				<langstring xml:lang="x-none">LOMv1.0</langstring>			</source>			<value>				<langstring xml:lang="x-none">Discipline</langstring>			</value>		</purpose>		<taxonpath>			<source>				<langstring xml:lang="en">Eric</langstring>			</source>			<taxon>				<entry>					<langstring xml:lang="en">Human Resources</langstring>				</entry>				<taxon>					<entry>						<langstring xml:lang="en">Management</langstring>					</entry>				</taxon>			</taxon>		</taxonpath>	</classification>	<classification>		<purpose>			<source>				<langstring xml:lang="x-none">LOMv1.0</langstring>			</source>			<value>				<langstring xml:lang="x-none">PedagogicType</langstring>			</value>		</purpose>		<taxonpath>			<source>				<langstring xml:lang="x-none">CanCore</langstring>			</source>			<taxon>				<entry>					<langstring xml:lang="en">Course</langstring>				</entry>			</taxon>		</taxonpath>	</classification></lom>